{"sprout": {"1": {"1": {"delay": 32.11, "loss": 0.0003228836469354457, "tput": 16.2955248562911}, "all": {"delay": 32.11, "loss": 0.0003228836469354457, "tput": 16.2955248562911}}}, "bbr": {"1": {"1": {"delay": 37.285, "loss": 0.0007286199130221993, "tput": 18.70840373513605}, "all": {"delay": 37.285, "loss": 0.0007286199130221993, "tput": 18.70840373513605}}}, "cubic": {"1": {"1": {"delay": 76.621, "loss": 0.0025738123011678216, "tput": 19.27749763328252}, "all": {"delay": 76.621, "loss": 0.0025738123011678216, "tput": 19.27749763328252}}}}