{"sprout": {"1": {"1": {"delay": 39.938, "loss": 0.00046047934302173577, "tput": 0.7849635437986192}, "all": {"delay": 39.938, "loss": 0.00046047934302173577, "tput": 0.7849635437986192}}}, "bbr": {"1": {"1": {"delay": 166.304, "loss": 0.0026067135037384226, "tput": 0.9992362780786161}, "all": {"delay": 166.304, "loss": 0.0026067135037384226, "tput": 0.9992362780786161}}}, "cubic": {"1": {"1": {"delay": 17250.407, "loss": 0.22706381295032507, "tput": 0.9997087098563314}, "all": {"delay": 17250.407, "loss": 0.22706381295032507, "tput": 0.9997087098563314}}}}