{"sprout": {"1": {"1": {"delay": 48.192, "loss": 0.0, "tput": 6.527014953266243}, "all": {"delay": 48.192, "loss": 0.0, "tput": 6.527014953266243}}}, "cubic": {"1": {"1": {"delay": 372.393, "loss": 0.014235889787996725, "tput": 11.919301399300737}, "all": {"delay": 372.393, "loss": 0.014235889787996725, "tput": 11.919301399300737}}}}